2025-04-14 20:55 admin: 91.231.55.119 (Ukraine, Dnipropetrovsk(Dnipro)): https://lic.prophelper.org/office?page=1
2025-04-14 22:30 admin: 185.72.234.125 (Germany, Lower Saxony(Wolfsburg)): https://www.mql5.com/
2025-04-15 17:04 admin: 185.72.232.38 (Germany, Lower Saxony(Wolfsburg)): https://www.mql5.com/
2025-04-15 17:08 admin: 185.72.232.38 (Germany, Lower Saxony(Wolfsburg)): https://lic.prophelper.org/office?page=1
2025-04-16 09:21 admin: 80.187.113.79 (Germany, North Rhine-Westphalia(Bielefeld)): https://www.mql5.com/
2025-04-16 18:24 admin: 185.72.232.187 (Germany, Lower Saxony(Wolfsburg)): https://www.mql5.com/
2025-04-16 18:25 admin: 185.72.232.187 (Germany, Lower Saxony(Wolfsburg)): https://lic.prophelper.org/connect?page=1
2025-05-27 11:09 admin: 185.72.232.33 (Germany, Lower Saxony(Wolfsburg)): https://www.mql5.com/
2025-05-27 11:21 admin: 185.72.232.33 (Germany, Lower Saxony(Wolfsburg)): https://lic.prophelper.org/office?page=1
2025-05-27 11:40 admin: 185.72.232.33 (Germany, Lower Saxony(Wolfsburg)): https://lic.prophelper.org/connect?page=1
2025-05-27 11:40 admin: 185.72.232.33 (Germany, Lower Saxony(Wolfsburg)): https://lic.prophelper.org/connect
2025-06-04 14:33 admin: 185.72.234.111 (Germany, Lower Saxony(Wolfsburg)): https://www.mql5.com/
2025-06-04 14:34 admin: 185.72.234.111 (Germany, Lower Saxony(Wolfsburg)): https://lic.prophelper.org/connect?page=1
2025-06-04 17:24 admin: 185.72.234.111 (Germany, Lower Saxony(Wolfsburg)): https://lic.prophelper.org/connect?page=1
2025-06-04 17:26 admin: 185.72.234.111 (Germany, Lower Saxony(Wolfsburg)): https://lic.prophelper.org/connect?page=1
2025-06-04 17:26 admin: 185.72.234.111 (Germany, Lower Saxony(Wolfsburg)): https://lic.prophelper.org/connect
2025-06-04 17:37 admin: 185.72.234.111 (Germany, Lower Saxony(Wolfsburg)): https://lic.prophelper.org/connect?page=1
2025-06-04 21:20 admin: 185.72.234.111 (Germany, Lower Saxony(Wolfsburg)): https://lic.prophelper.org/connect
2025-06-05 14:23 admin: 185.72.234.41 (Germany, Lower Saxony(Wolfsburg)): https://lic.prophelper.org/connect
2025-06-05 15:09 admin: 185.72.234.41 (Germany, Lower Saxony(Wolfsburg)): https://lic.prophelper.org/connect
2025-06-05 15:15 admin: 185.72.234.41 (Germany, Lower Saxony(Wolfsburg)): https://lic.prophelper.org/connect?page=1
2025-06-05 15:55 admin: 185.72.234.41 (Germany, Lower Saxony(Wolfsburg)): https://lic.prophelper.org/connect
2025-06-05 21:07 admin: 185.72.234.41 (Germany, Lower Saxony(Wolfsburg)): https://lic.prophelper.org/connect
2025-06-05 21:08 admin: 185.72.234.41 (Germany, Lower Saxony(Wolfsburg)): https://lic.prophelper.org/connect?page=1
2025-06-05 21:14 admin: 185.72.234.41 (Germany, Lower Saxony(Wolfsburg)): https://lic.prophelper.org/connect
2025-06-06 07:56 admin: 185.72.232.142 (Germany, Lower Saxony(Wolfsburg)): 
2025-06-06 07:56 admin: 185.72.232.142 (Germany, Lower Saxony(Wolfsburg)): https://lic.prophelper.org/connect?page=1
2025-06-06 07:57 admin: 185.72.232.142 (Germany, Lower Saxony(Wolfsburg)): https://lic.prophelper.org/connect?page=1
2025-06-06 07:59 admin: 185.72.232.142 (Germany, Lower Saxony(Wolfsburg)): https://lic.prophelper.org/connect
2025-06-06 17:44 admin: 185.72.232.142 (Germany, Lower Saxony(Wolfsburg)): https://lic.prophelper.org/connect?page=1
2025-06-06 17:50 admin: 185.72.232.142 (Germany, Lower Saxony(Wolfsburg)): https://lic.prophelper.org/connect
2025-06-06 17:53 admin: 185.72.232.142 (Germany, Lower Saxony(Wolfsburg)): https://lic.prophelper.org/connect
2025-06-06 18:25 admin: 185.72.232.142 (Germany, Lower Saxony(Wolfsburg)): https://lic.prophelper.org/connect
2025-06-06 20:10 admin: 185.72.232.142 (Germany, Lower Saxony(Wolfsburg)): https://lic.prophelper.org/connect?page=1
2025-06-06 20:11 admin: 185.72.232.142 (Germany, Lower Saxony(Wolfsburg)): https://lic.prophelper.org/connect?page=1
2025-06-07 13:28 admin: 185.72.232.68 (Germany, Lower Saxony(Wolfsburg)): 
2025-06-12 12:22 admin: 185.72.234.126 (Germany, Lower Saxony(Wolfsburg)): 
2025-06-15 23:30 admin: 185.72.232.123 (Germany, Lower Saxony(Wolfsburg)): https://lic.prophelper.org/connect?page=1
2025-06-17 13:44 admin: 84.17.48.190 (Germany, Hesse(Frankfurt am Main)): 
2025-06-26 11:31 admin: 185.72.232.175 (Germany, Lower Saxony(Wolfsburg)): 
2025-06-26 11:34 admin: 185.72.232.175 (Germany, Lower Saxony(Wolfsburg)): https://lic.prophelper.org/connect?page=1
2025-06-30 18:43 admin: 80.187.112.64 (Germany, Lower Saxony(Hannover)): 
2025-06-30 21:16 admin: 185.72.232.100 (Germany, Lower Saxony(Wolfsburg)): https://lic.prophelper.org/files/update.php?page=1
2025-07-01 08:36 admin: 185.72.232.79 (Germany, Lower Saxony(Wolfsburg)): 
2025-07-01 08:52 admin: 185.72.232.79 (Germany, Lower Saxony(Wolfsburg)): https://lic.prophelper.org/connect?page=2
2025-07-03 13:07 admin: 185.72.232.155 (Germany, Lower Saxony(Wolfsburg)): 
2025-07-08 22:07 admin: 185.72.232.45 (Germany, Lower Saxony(Wolfsburg)): 
2025-07-14 09:06 admin: 185.72.232.2 (Germany, Lower Saxony(Wolfsburg)): 
2025-07-21 18:49 admin: 185.72.232.152 (Germany, Lower Saxony(Wolfsburg)): 
2025-07-27 11:37 admin: 185.72.234.19 (Germany, Lower Saxony(Wolfsburg)): 
2025-07-28 19:36 admin: 185.72.232.77 (Germany, Lower Saxony(Wolfsburg)): 
2025-07-28 23:34 admin: 185.72.232.77 (Germany, Lower Saxony(Wolfsburg)): 
2025-08-02 12:50 admin: 138.199.36.226 (Germany, Hesse(Frankfurt am Main)): 
2025-08-02 12:50 admin: 138.199.36.226 (Germany, Hesse(Frankfurt am Main)): https://lic.prophelper.org/connect
2025-08-02 17:36 admin: 79.27.36.214 (Italy, Lazio(Rome)): 
2025-08-02 18:43 admin: 79.27.36.214 (Italy, Lazio(Rome)): https://lic.prophelper.org/connect?page=1
2025-08-03 17:50 admin: 185.72.232.45 (Germany, Lower Saxony(Wolfsburg)): 
